time,susceptible,infected,hospital,recovered,dead
0,1957,43,0,0,0
1,1922,78,1,0,0
2,1903,97,2,0,0
3,1889,111,2,0,0
4,1883,117,3,0,0
5,1883,117,4,0,0
6,1883,117,5,0,0
7,1883,117,7,0,0
8,1882,118,8,0,0
9,1882,118,8,0,0
10,1882,118,9,0,0
11,1881,119,9,0,0
12,1880,120,10,0,0
13,1879,121,10,0,0
14,1877,123,11,0,0
15,1876,124,11,0,0
16,1871,129,12,0,0
17,1867,133,13,0,0
18,1866,134,14,0,0
19,1865,135,14,0,0
20,1865,135,15,0,0
21,1863,137,15,0,0
22,1863,137,15,0,0
23,1861,139,15,0,0
24,1861,139,16,0,0
25,1861,139,16,0,0
26,1859,141,16,0,0
27,1857,143,16,0,0
28,1856,144,16,0,0
29,1856,144,16,0,0
30,1856,144,17,0,0
31,1855,145,18,0,0
32,1855,145,19,0,0
33,1853,147,20,0,0
34,1852,148,21,0,0
35,1851,149,22,0,0
36,1848,152,23,0,0
37,1846,154,25,0,0
38,1846,154,26,0,0
39,1845,155,26,0,0
40,1842,158,27,0,0
41,1841,159,27,0,0
42,1841,159,27,0,0
43,1841,159,28,0,0
44,1840,160,28,0,0
45,1838,162,29,0,0
46,1837,163,30,0,0
47,1835,165,30,0,0
48,1832,168,32,0,0
49,1831,169,32,0,0
50,1826,174,32,0,0
51,1826,174,32,0,0
52,1825,175,32,0,0
53,1824,176,33,0,0
54,1821,179,34,0,0
55,1819,181,35,0,0
56,1819,181,37,0,0
57,1819,181,38,0,0
58,1819,181,38,0,0
59,1819,181,39,0,0
60,1815,185,39,0,0
61,1814,186,39,0,0
62,1814,186,40,0,0
63,1812,188,40,0,0
64,1808,192,40,0,0
65,1806,194,41,0,0
66,1806,194,41,0,0
67,1804,196,42,0,0
68,1802,198,42,0,0
69,1799,201,42,0,0
70,1798,202,44,0,0
71,1798,202,45,0,0
72,1796,204,45,0,0
73,1790,210,46,0,0
74,1787,213,48,0,0
75,1786,214,48,0,0
76,1786,214,49,0,0
77,1783,217,49,0,0
78,1781,219,49,0,0
79,1780,220,50,0,0
80,1780,220,51,0,0
81,1779,221,51,0,0
82,1778,222,52,0,0
83,1778,222,53,0,0
84,1778,222,53,0,0
85,1775,225,55,0,0
86,1773,227,55,0,0
87,1771,229,55,0,0
88,1768,232,57,0,0
89,1768,232,57,0,0
90,1768,232,59,0,0
91,1767,233,60,0,0
92,1767,233,60,0,0
93,1766,234,60,0,0
94,1765,235,61,0,0
95,1763,237,64,0,0
96,1763,237,65,0,0
97,1763,237,65,0,0
98,1763,237,65,0,0
99,1763,237,66,0,0
100,1761,239,69,0,0
101,1756,244,69,0,0
102,1754,246,69,0,0
103,1754,246,69,0,0
104,1751,249,68,0,0
105,1750,250,67,0,0
106,1748,252,66,0,0
107,1748,252,64,0,0
108,1747,253,64,0,0
109,1746,254,65,0,0
110,1744,256,66,0,0
111,1743,257,66,0,0
112,1743,257,65,0,0
113,1743,257,66,0,0
114,1741,259,65,0,0
115,1739,261,69,0,0
116,1738,262,68,0,0
117,1734,266,68,0,0
118,1732,268,68,0,0
119,1732,268,71,0,0
120,1731,269,70,0,0
121,1731,269,70,0,0
122,1731,269,70,0,0
123,1730,270,72,0,0
124,1729,271,71,0,0
125,1726,274,71,0,0
126,1724,276,72,0,0
127,1722,278,74,0,0
128,1720,280,75,0,0
129,1719,281,77,0,0
130,1715,285,78,0,0
131,1715,285,81,0,0
132,1715,285,80,0,0
133,1715,285,80,0,0
134,1712,288,81,0,0
135,1710,290,81,0,0
136,1707,293,80,0,0
137,1704,296,79,0,0
138,1704,296,79,0,0
139,1703,297,81,0,0
140,1702,298,81,0,0
141,1699,301,82,0,0
142,1696,304,82,0,0
143,1695,305,83,0,0
144,1695,305,84,0,0
145,1694,306,83,0,0
146,1693,307,83,0,0
147,1692,308,84,0,0
148,1691,309,82,0,0
149,1689,311,83,0,0
150,1687,313,83,0,0
151,1682,318,84,0,0
152,1676,324,84,0,0
153,1674,326,84,0,0
154,1673,327,84,0,0
155,1673,327,86,0,0
156,1671,329,87,0,0
157,1669,331,89,0,0
158,1667,333,90,0,0
159,1667,333,91,0,0
160,1666,334,91,0,0
161,1666,334,96,0,0
162,1666,334,97,0,0
163,1666,334,97,0,0
164,1665,335,98,0,0
165,1663,337,99,0,0
166,1663,337,103,0,0
167,1662,338,103,0,0
168,1661,339,103,0,0
169,1659,341,103,0,0
170,1659,341,101,0,0
171,1656,344,100,0,0
172,1654,346,101,0,0
173,1654,346,102,0,0
174,1653,347,101,0,0
175,1651,349,101,0,0
176,1646,354,101,0,0
177,1645,355,101,0,0
178,1644,356,103,0,0
179,1644,356,102,0,0
180,1643,357,105,0,0
181,1640,360,106,0,0
182,1640,360,105,0,0
183,1640,360,105,0,0
184,1639,361,107,0,0
185,1638,362,105,0,0
186,1636,364,108,0,0
187,1635,365,111,0,0
188,1634,366,109,0,0
189,1633,367,112,0,0
190,1628,372,111,0,0
191,1626,374,110,0,0
192,1624,376,110,0,0
193,1622,378,111,0,0
194,1621,379,112,0,0
195,1621,379,110,0,0
196,1620,380,110,0,0
197,1618,382,110,0,0
198,1617,383,111,0,0
199,1614,386,111,0,0
200,1612,388,110,0,0
201,1610,390,109,0,0
202,1609,391,111,0,0
203,1609,391,111,0,0
204,1609,391,113,0,0
205,1609,391,116,0,0
206,1607,393,117,0,0
207,1606,394,119,0,0
208,1606,394,118,0,0
209,1604,396,119,0,0
210,1601,399,119,0,0
211,1599,401,120,0,0
212,1598,402,121,0,0
213,1598,402,122,0,0
214,1596,404,122,0,0
215,1594,406,120,0,0
216,1594,406,123,0,0
217,1594,406,123,0,0
218,1592,408,122,0,0
219,1591,409,121,0,0
220,1590,410,122,0,0
221,1588,412,124,0,0
222,1585,415,125,0,0
223,1581,419,124,0,0
224,1580,420,127,0,0
225,1577,423,129,0,0
226,1575,425,129,0,0
227,1575,425,130,0,0
228,1574,426,131,0,0
229,1573,427,132,0,0
230,1572,428,133,0,0
231,1569,431,131,0,0
232,1567,433,132,0,0
233,1566,434,132,0,0
234,1565,435,131,0,0
235,1565,435,131,0,0
236,1564,436,135,0,0
237,1564,436,135,0,0
238,1564,436,136,0,0
239,1564,436,134,0,0
240,1563,437,133,0,0
241,1563,437,133,0,0
242,1563,437,137,0,0
243,1562,438,137,0,0
244,1561,439,140,0,0
245,1560,440,144,0,0
246,1558,442,147,0,0
247,1558,442,149,0,0
248,1555,445,150,0,0
249,1554,446,150,0,0
250,1553,447,152,0,0
251,1552,448,153,0,0
252,1552,448,153,0,0
253,1552,448,152,0,0
254,1552,448,153,0,0
255,1550,450,153,0,0
256,1549,451,151,0,0
257,1549,451,149,0,0
258,1549,451,150,0,0
259,1549,451,149,0,0
260,1546,454,150,0,0
261,1546,454,147,0,0
262,1545,455,146,0,0
263,1545,455,146,0,0
264,1542,458,145,0,0
265,1540,460,146,0,0
266,1536,464,142,0,0
267,1535,465,142,0,0
268,1534,466,144,0,0
269,1534,466,146,0,0
270,1532,468,148,0,0
271,1529,471,148,0,0
272,1529,471,149,0,0
273,1524,476,149,0,0
274,1520,480,151,0,0
275,1517,483,151,0,0
276,1515,485,151,0,0
277,1515,485,151,0,0
278,1512,488,150,0,0
279,1512,488,153,0,0
280,1509,491,151,0,0
281,1506,494,152,0,0
282,1502,498,154,0,0
283,1498,502,156,0,0
284,1493,507,157,0,0
285,1493,507,158,0,0
286,1493,507,157,0,0
287,1493,507,156,0,0
288,1493,507,156,0,0
289,1491,509,157,0,0
290,1489,511,158,0,0
291,1488,512,159,0,0
292,1486,514,159,0,0
293,1483,517,158,0,0
294,1483,517,158,0,0
295,1482,518,161,0,0
296,1479,521,162,0,0
297,1479,521,163,0,0
298,1479,521,164,0,0
299,1477,523,165,0,0
300,1477,523,165,0,0
301,1477,523,166,0,0
302,1476,524,167,0,0
303,1476,524,169,0,0
304,1473,527,170,0,0
305,1472,528,172,0,0
306,1470,530,175,0,0
307,1468,532,175,0,0
308,1467,533,176,0,0
309,1466,534,176,0,0
310,1466,534,175,0,0
311,1466,534,174,0,0
312,1463,537,174,0,0
313,1462,538,174,0,0
314,1461,539,178,0,0
315,1461,539,177,0,0
316,1458,542,177,0,0
317,1456,544,179,0,0
318,1455,545,179,0,0
319,1454,546,180,0,0
320,1454,546,181,0,0
321,1452,548,181,0,0
322,1450,550,182,0,0
323,1448,552,181,0,0
324,1448,552,179,0,0
325,1447,553,180,0,0
326,1446,554,180,0,0
327,1445,555,180,0,0
328,1444,556,182,0,0
329,1443,557,180,0,0
330,1443,557,178,0,0
331,1438,562,179,0,0
332,1437,563,182,0,0
333,1434,566,184,0,0
334,1433,567,184,0,0
335,1433,567,183,0,0
336,1433,567,182,0,0
337,1431,569,183,0,0
338,1429,571,183,0,0
339,1429,571,184,0,0
340,1426,574,187,0,0
341,1423,577,188,0,0
342,1419,581,185,0,0
343,1418,582,183,0,0
344,1418,582,180,0,0
345,1416,584,177,0,0
346,1416,584,174,0,0
347,1416,584,174,0,0
348,1415,585,176,0,0
349,1410,590,177,0,0
350,1404,596,177,0,0
351,1400,600,176,0,0
352,1398,602,179,0,0
353,1397,603,182,0,0
354,1392,608,183,0,0
355,1392,608,183,0,0
356,1390,610,185,0,0
357,1386,614,189,0,0
358,1384,616,187,0,0
359,1384,616,188,0,0
360,1382,618,192,0,0
361,1381,619,192,0,0
362,1379,621,193,0,0
363,1377,623,194,0,0
364,1376,624,195,0,0
365,1375,625,193,0,0
366,1375,625,196,0,0
367,1373,627,198,0,0
368,1371,629,198,0,0
369,1370,630,196,0,0
370,1369,631,196,0,0
371,1369,631,196,0,0
372,1366,634,195,0,0
373,1366,634,196,0,0
374,1366,634,194,0,0
375,1364,636,198,0,0
376,1363,637,199,0,0
377,1362,638,200,0,0
378,1362,638,204,0,0
379,1359,641,204,0,0
380,1356,644,206,0,0
381,1352,648,209,0,0
382,1352,648,208,0,0
383,1352,648,207,0,0
384,1351,649,205,0,0
385,1351,649,207,0,0
386,1348,652,206,0,0
387,1347,653,205,0,0
388,1345,655,209,0,0
389,1343,657,205,0,0
390,1341,659,204,0,0
391,1340,660,203,0,0
392,1334,666,204,0,0
393,1332,668,207,0,0
394,1331,669,205,0,0
395,1330,670,205,0,0
396,1327,673,204,0,0
397,1326,674,205,0,0
398,1323,677,205,0,0
399,1321,679,204,0,0
400,1319,681,202,0,0
401,1318,604,205,57,21
402,1314,589,206,71,26
403,1311,578,204,82,29
404,1309,574,203,84,33
405,1307,576,198,84,33
406,1304,579,196,84,33
407,1302,581,196,84,33
408,1298,584,196,85,33
409,1296,586,194,85,33
410,1296,586,197,85,33
411,1294,587,201,86,33
412,1294,586,206,87,33
413,1293,586,204,87,34
414,1291,586,200,88,35
415,1289,587,199,89,35
416,1289,582,201,94,35
417,1287,580,199,96,37
418,1287,579,200,97,37
419,1287,578,199,98,37
420,1286,579,200,98,37
421,1285,578,202,100,37
422,1281,582,203,100,37
423,1278,583,205,102,37
424,1277,584,205,102,37
425,1277,584,203,102,37
426,1275,584,204,104,37
427,1271,586,204,106,37
428,1270,586,203,106,38
429,1268,588,205,106,38
430,1267,589,207,106,38
431,1267,588,207,107,38
432,1267,588,203,107,38
433,1266,587,202,108,39
434,1264,588,202,108,40
435,1263,588,204,109,40
436,1262,586,202,109,43
437,1258,588,200,111,43
438,1256,590,199,111,43
439,1251,594,200,112,43
440,1249,593,200,112,46
441,1247,594,201,113,46
442,1245,596,201,113,46
443,1245,596,202,113,46
444,1243,597,202,114,46
445,1242,596,203,115,47
446,1242,595,206,116,47
447,1240,595,205,118,47
448,1239,593,204,119,49
449,1237,594,204,120,49
450,1237,589,203,123,51
451,1236,590,206,123,51
452,1236,589,204,124,51
453,1234,590,202,125,51
454,1232,589,203,126,53
455,1230,589,204,127,54
456,1229,590,205,127,54
457,1228,591,204,127,54
458,1227,592,209,127,54
459,1225,594,208,127,54
460,1222,593,204,128,57
461,1221,593,203,128,58
462,1221,593,205,128,58
463,1221,591,208,129,59
464,1218,590,209,131,61
465,1217,589,210,132,62
466,1215,591,207,132,62
467,1210,594,207,134,62
468,1208,594,206,136,62
469,1207,592,208,139,62
470,1205,593,210,139,63
471,1202,596,211,139,63
472,1200,596,210,140,64
473,1198,592,210,144,66
474,1195,592,211,147,66
475,1193,593,208,148,66
476,1189,597,207,148,66
477,1187,596,208,151,66
478,1186,595,204,152,67
479,1186,594,202,153,67
480,1184,596,201,153,67
481,1182,597,201,153,68
482,1181,597,204,154,68
483,1179,599,203,154,68
484,1178,600,206,154,68
485,1177,598,206,157,68
486,1175,598,206,159,68
487,1175,596,207,160,69
488,1172,596,208,163,69
489,1171,597,210,163,69
490,1171,597,210,163,69
491,1170,597,212,164,69
492,1169,598,214,164,69
493,1167,599,213,165,69
494,1165,600,215,166,69
495,1164,599,215,168,69
496,1163,600,216,168,69
497,1161,602,217,168,69
498,1159,604,218,168,69
499,1158,605,218,168,69
500,1157,604,220,170,69
501,1153,603,218,173,71
502,1150,604,213,175,71
503,1148,606,215,175,71
504,1147,604,214,177,72
505,1140,610,216,178,72
506,1138,610,215,178,74
507,1137,611,217,178,74
508,1137,610,217,179,74
509,1137,609,219,180,74
510,1137,607,217,182,74
511,1136,607,216,183,74
512,1135,608,214,183,74
513,1134,609,215,183,74
514,1134,607,217,184,75
515,1133,606,221,186,75
516,1133,605,218,187,75
517,1131,603,219,189,77
518,1129,603,219,191,77
519,1127,605,219,191,77
520,1126,605,216,192,77
521,1125,606,212,192,77
522,1124,607,209,192,77
523,1124,606,208,193,77
524,1123,606,209,193,78
525,1122,604,209,195,79
526,1120,604,210,196,80
527,1119,603,210,198,80
528,1119,601,209,199,81
529,1119,600,210,199,82
530,1118,597,208,203,82
531,1116,599,206,203,82
532,1115,600,208,203,82
533,1112,603,208,203,82
534,1111,601,209,206,82
535,1110,600,207,207,83
536,1109,598,209,209,84
537,1107,597,211,211,85
538,1106,598,211,211,85
539,1105,598,209,211,86
540,1104,598,211,212,86
541,1102,597,209,214,87
542,1100,596,210,216,88
543,1100,595,213,217,88
544,1099,596,213,217,88
545,1098,596,215,218,88
546,1097,596,214,219,88
547,1094,598,213,220,88
548,1092,599,211,220,89
549,1090,599,210,222,89
550,1089,598,213,223,90
551,1088,594,212,226,92
552,1087,589,213,231,93
553,1082,592,216,233,93
554,1082,591,213,234,93
555,1081,592,210,234,93
556,1081,590,209,236,93
557,1081,588,207,238,93
558,1080,587,203,240,93
559,1079,588,204,240,93
560,1079,587,204,241,93
561,1076,590,207,241,93
562,1075,591,205,241,93
563,1075,591,205,241,93
564,1072,593,206,241,94
565,1071,592,206,243,94
566,1071,592,209,243,94
567,1070,592,208,244,94
568,1069,592,210,244,95
569,1069,590,211,245,96
570,1066,593,208,245,96
571,1066,590,210,247,97
572,1065,589,212,248,98
573,1063,591,212,248,98
574,1062,591,212,248,99
575,1056,595,212,249,100
576,1055,591,216,252,102
577,1054,591,215,252,103
578,1054,590,218,252,104
579,1053,591,218,252,104
580,1052,591,215,253,104
581,1052,588,213,255,105
582,1052,588,211,255,105
583,1052,588,213,255,105
584,1051,588,213,256,105
585,1051,587,211,257,105
586,1051,585,211,259,105
587,1050,585,212,260,105
588,1048,586,210,260,106
589,1047,586,210,261,106
590,1047,581,212,266,106
591,1045,581,212,267,107
592,1043,581,210,268,108
593,1042,580,210,268,110
594,1039,582,209,268,111
595,1037,584,207,268,111
596,1034,586,208,269,111
597,1032,586,208,271,111
598,1032,585,208,272,111
599,1029,585,210,275,111
600,1028,584,212,276,112
601,1028,582,212,278,112
602,1027,582,214,278,113
603,1026,583,212,278,113
604,1026,583,215,278,113
605,1024,585,216,278,113
606,1021,586,217,279,114
607,1020,586,215,279,115
608,1019,587,215,279,115
609,1019,585,215,281,115
610,1017,584,215,284,115
611,1015,584,215,286,115
612,1015,583,213,287,115
613,1014,584,215,287,115
614,1014,582,215,289,115
615,1014,580,214,291,115
616,1014,580,212,291,115
617,1011,583,212,291,115
618,1010,582,214,293,115
619,1008,583,216,293,116
620,1006,584,218,294,116
621,1005,583,218,295,117
622,1003,582,220,298,117
623,1003,578,220,301,118
624,1002,578,218,302,118
625,1001,576,219,304,119
626,998,577,218,306,119
627,997,578,216,306,119
628,996,578,214,306,120
629,993,580,212,307,120
630,990,582,212,308,120
631,988,581,211,310,121
632,986,581,209,311,122
633,985,581,209,312,122
634,985,580,207,313,122
635,984,581,208,313,122
636,982,582,208,314,122
637,982,582,210,314,122
638,980,584,212,314,122
639,980,584,213,314,122
640,979,584,209,314,123
641,978,585,210,314,123
642,978,585,213,314,123
643,976,586,210,315,123
644,976,585,209,316,123
645,974,586,205,317,123
646,974,584,205,319,123
647,974,584,206,319,123
648,971,584,208,321,124
649,967,587,211,322,124
650,965,588,210,323,124
651,962,590,208,324,124
652,960,592,207,324,124
653,959,593,205,324,124
654,957,595,207,324,124
655,956,594,208,325,125
656,952,597,208,326,125
657,950,599,209,326,125
658,946,603,210,326,125
659,943,606,209,326,125
660,942,604,210,327,127
661,941,605,209,327,127
662,938,607,211,328,127
663,937,608,210,328,127
664,937,605,211,330,128
665,937,603,212,332,128
666,937,599,212,336,128
667,935,600,213,337,128
668,934,600,214,338,128
669,934,600,213,338,128
670,933,599,213,340,128
671,931,598,211,341,130
672,931,598,212,341,130
673,931,593,210,345,131
674,931,589,209,347,133
675,930,587,209,347,136
676,929,586,205,347,138
677,928,587,208,347,138
678,926,586,207,350,138
679,925,587,208,350,138
680,925,584,209,352,139
681,924,582,210,355,139
682,923,579,211,357,141
683,922,576,210,359,143
684,920,573,208,363,144
685,918,575,208,363,144
686,917,576,209,363,144
687,916,577,207,363,144
688,915,578,209,363,144
689,915,576,212,364,145
690,914,575,210,365,146
691,914,574,212,366,146
692,913,573,212,367,147
693,912,571,210,368,149
694,909,574,211,368,149
695,909,573,213,369,149
696,909,570,213,372,149
697,909,570,210,372,149
698,908,571,208,372,149
699,908,569,207,374,149
700,908,569,204,374,149
701,908,569,202,374,149
702,908,568,203,374,150
703,907,569,206,374,150
704,906,567,204,376,151
705,903,569,203,377,151
706,902,568,204,379,151
707,901,567,203,380,152
708,901,566,204,381,152
709,900,566,204,381,153
710,899,567,205,381,153
711,898,568,202,381,153
712,896,567,202,383,154
713,895,567,201,383,155
714,895,566,200,384,155
715,895,566,197,384,155
716,893,565,199,386,156
717,892,564,200,387,157
718,892,563,199,387,158
719,891,563,197,388,158
720,890,564,198,388,158
721,890,562,200,390,158
722,890,560,198,392,158
723,890,558,197,393,159
724,890,558,198,393,159
725,890,557,199,393,160
726,887,559,197,394,160
727,884,561,198,394,161
728,882,562,198,394,162
729,882,561,196,395,162
730,880,563,196,395,162
731,879,559,199,398,164
732,879,558,199,399,164
733,879,555,199,401,165
734,879,554,201,401,166
735,879,554,205,401,166
736,878,555,205,401,166
737,877,554,203,402,167
738,877,552,200,403,168
739,877,552,202,403,168
740,877,549,201,404,170
741,877,546,203,407,170
742,876,543,201,410,171
743,874,544,202,411,171
744,873,545,205,411,171
745,872,544,207,413,171
746,872,544,206,413,171
747,865,551,208,413,171
748,862,553,207,414,171
749,861,549,204,418,172
750,861,543,202,423,173
751,860,540,202,425,175
752,859,539,204,427,175
753,857,540,204,428,175
754,856,536,203,432,176
755,856,536,202,432,176
756,855,535,201,433,177
757,855,531,199,437,177
758,854,530,198,438,178
759,853,531,198,438,178
760,853,529,198,440,178
761,853,528,196,441,178
762,852,527,195,443,178
763,851,526,194,445,178
764,851,525,191,446,178
765,850,525,190,447,178
766,850,525,190,447,178
767,850,523,188,448,179
768,850,521,186,450,179
769,850,520,186,450,180
770,848,521,189,451,180
771,847,522,188,451,180
772,846,520,186,452,182
773,845,521,185,452,182
774,843,523,185,452,182
775,843,521,184,453,183
776,842,521,183,454,183
777,840,522,179,455,183
778,836,526,180,455,183
779,836,523,181,457,184
780,835,521,182,459,185
781,835,517,179,461,187
782,832,520,178,461,187
783,832,520,178,461,187
784,832,519,180,462,187
785,831,520,183,462,187
786,831,517,183,464,188
787,830,517,184,464,189
788,829,516,180,465,190
789,827,516,176,467,190
790,826,515,176,468,191
791,822,518,175,469,191
792,822,512,175,473,193
793,820,512,179,475,193
794,820,511,179,476,193
795,820,510,178,477,193
796,820,507,177,479,194
797,819,507,178,480,194
798,817,506,177,481,196
799,816,505,175,482,197
800,816,503,176,483,198
801,815,503,179,483,199
802,814,500,176,487,199
803,812,499,173,489,200
804,811,498,173,491,200
805,810,497,172,493,200
806,806,498,170,495,201
807,806,496,171,497,201
808,806,492,173,500,202
809,804,492,172,502,202
810,802,494,170,502,202
811,798,496,172,503,203
812,798,496,171,503,203
813,798,495,172,504,203
814,797,494,172,504,205
815,797,492,173,505,206
816,797,492,172,505,206
817,796,491,170,506,207
818,795,492,170,506,207
819,793,494,170,506,207
820,789,497,167,507,207
821,789,496,168,507,208
822,789,492,168,510,209
823,786,492,170,512,210
824,786,491,169,512,211
825,785,492,166,512,211
826,784,491,168,513,212
827,780,491,167,515,214
828,779,491,167,516,214
829,778,490,170,518,214
830,778,489,171,519,214
831,776,491,171,519,214
832,775,492,174,519,214
833,775,491,174,520,214
834,775,489,174,521,215
835,773,490,171,522,215
836,773,489,168,522,216
837,773,485,168,525,217
838,772,484,171,526,218
839,771,480,170,530,219
840,771,478,171,531,220
841,769,478,171,533,220
842,768,477,171,534,221
843,767,478,171,534,221
844,763,480,170,536,221
845,763,479,173,537,221
846,762,480,173,537,221
847,760,480,170,537,223
848,760,479,170,538,223
849,760,477,170,539,224
850,760,477,170,539,224
851,760,476,173,540,224
852,759,477,173,540,224
853,759,475,173,541,225
854,757,475,172,543,225
855,755,475,172,544,226
856,753,476,171,545,226
857,752,476,171,546,226
858,752,475,172,547,226
859,752,473,174,549,226
860,750,472,173,551,227
861,748,473,176,552,227
862,746,475,175,552,227
863,744,477,174,552,227
864,743,475,175,555,227
865,742,475,174,556,227
866,741,474,174,558,227
867,740,470,175,561,229
868,736,472,178,562,230
869,736,471,177,563,230
870,735,470,175,565,230
871,732,470,180,567,231
872,732,468,180,567,233
873,727,471,183,569,233
874,726,469,184,572,233
875,726,467,186,573,234
876,726,463,186,577,234
877,725,462,188,579,234
878,722,464,187,579,235
879,722,464,186,579,235
880,722,462,185,581,235
881,721,461,186,583,235
882,720,461,185,583,236
883,719,460,183,584,237
884,719,459,179,584,238
885,719,458,176,584,239
886,718,457,177,586,239
887,714,461,176,586,239
888,713,459,179,588,240
889,712,459,179,588,241
890,712,459,178,588,241
891,712,458,176,589,241
892,712,457,178,590,241
893,709,458,177,591,242
894,708,457,177,593,242
895,708,456,176,594,242
896,707,456,176,595,242
897,706,455,175,596,243
898,704,455,178,598,243
899,704,454,179,598,244
900,702,455,178,599,244
901,700,453,175,601,246
902,699,451,177,604,246
903,695,453,178,606,246
904,695,452,177,607,246
905,693,447,180,612,248
906,689,449,179,614,248
907,689,448,178,615,248
908,688,449,175,615,248
909,687,450,175,615,248
910,686,451,176,615,248
911,685,451,174,616,248
912,680,455,176,617,248
913,678,456,175,618,248
914,676,458,177,618,248
915,675,458,176,619,248
916,674,459,175,619,248
917,674,457,175,619,250
918,674,455,173,621,250
919,674,453,174,622,251
920,674,452,176,623,251
921,673,452,174,624,251
922,673,451,176,625,251
923,672,452,176,625,251
924,672,451,178,625,252
925,671,451,180,626,252
926,669,451,180,627,253
927,669,450,180,628,253
928,668,451,183,628,253
929,668,451,181,628,253
930,668,450,181,629,253
931,667,449,179,631,253
932,666,449,180,631,254
933,665,447,178,634,254
934,663,448,178,635,254
935,663,447,176,635,255
936,662,447,178,636,255
937,662,445,176,638,255
938,662,444,174,639,255
939,662,443,173,639,256
940,660,444,175,640,256
941,658,444,172,642,256
942,657,443,171,644,256
943,655,445,169,644,256
944,655,444,168,645,256
945,655,443,164,646,256
946,655,442,165,646,257
947,654,440,164,647,259
948,653,439,166,649,259
949,653,437,166,650,260
950,653,436,165,651,260
951,652,436,162,652,260
952,651,436,160,653,260
953,650,432,160,656,262
954,648,434,163,656,262
955,647,434,163,657,262
956,647,434,162,657,262
957,647,434,163,657,262
958,646,434,163,657,263
959,644,435,160,657,264
960,644,435,161,657,264
961,642,434,157,660,264
962,641,434,156,661,264
963,641,434,157,661,264
964,641,431,157,662,266
965,641,430,157,663,266
966,641,430,156,663,266
967,638,432,155,663,267
968,638,431,151,664,267
969,636,433,152,664,267
970,635,431,152,667,267
971,635,431,149,667,267
972,634,431,150,668,267
973,633,430,147,670,267
974,632,430,148,671,267
975,631,425,146,676,268
976,630,425,148,676,269
977,629,425,148,676,270
978,628,426,145,676,270
979,627,426,145,676,271
980,627,425,147,676,272
981,627,425,146,676,272
982,625,427,146,676,272
983,624,428,146,676,272
984,623,428,149,677,272
985,619,432,153,677,272
986,618,433,152,677,272
987,616,434,153,678,272
988,616,432,150,679,273
989,615,432,150,680,273
990,615,432,151,680,273
991,615,430,152,682,273
992,614,429,151,683,274
993,612,430,149,683,275
994,610,429,147,686,275
995,610,427,149,686,277
996,610,424,149,688,278
997,610,422,150,690,278
998,607,425,147,690,278
999,607,422,146,693,278
1000,606,422,149,694,278
1001,605,423,149,694,278
1002,659,425,149,638,278
1003,671,426,152,625,278
1004,676,432,153,614,278
1005,675,433,150,613,279
1006,673,432,151,615,280
1007,673,431,154,616,280
1008,671,432,155,617,280
1009,669,435,154,616,280
1010,666,436,153,618,280
1011,665,435,154,620,280
1012,666,435,152,619,280
1013,664,437,152,618,281
1014,663,438,150,618,281
1015,663,439,151,617,281
1016,664,439,152,616,281
1017,668,437,153,613,282
1018,670,436,155,611,283
1019,667,438,154,612,283
1020,668,436,154,613,283
1021,667,436,155,614,283
1022,669,434,156,613,284
1023,668,435,155,613,284
1024,669,435,153,612,284
1025,668,435,152,612,285
1026,667,433,151,614,286
1027,667,434,150,613,286
1028,668,434,150,612,286
1029,666,433,152,615,286
1030,665,431,151,617,287
1031,663,431,150,618,288
1032,662,431,149,619,288
1033,661,431,154,620,288
1034,661,432,152,619,288
1035,661,431,153,619,289
1036,660,431,153,620,289
1037,659,432,157,620,289
1038,657,434,157,620,289
1039,654,437,157,620,289
1040,654,437,156,619,290
1041,654,436,156,619,291
1042,653,438,154,618,291
1043,650,439,155,620,291
1044,649,440,157,620,291
1045,648,440,157,621,291
1046,649,440,155,620,291
1047,649,441,159,619,291
1048,649,440,156,620,291
1049,648,438,155,621,293
1050,649,436,158,621,294
1051,650,435,159,620,295
1052,647,436,160,622,295
1053,647,436,161,621,296
1054,646,436,159,620,298
1055,642,440,161,619,299
1056,643,436,163,619,302
1057,642,435,163,620,303
1058,642,431,163,623,304
1059,642,428,163,626,304
1060,639,430,162,627,304
1061,640,429,163,627,304
1062,638,428,163,629,305
1063,637,428,162,630,305
1064,637,429,161,629,305
1065,639,429,160,627,305
1066,640,429,160,626,305
1067,640,427,160,628,305
1068,639,429,162,627,305
1069,640,430,161,625,305
1070,643,429,160,623,305
1071,642,428,158,623,307
1072,640,430,157,623,307
1073,640,431,158,622,307
1074,642,433,156,618,307
1075,640,437,158,616,307
1076,640,437,159,615,308
1077,638,438,157,616,308
1078,641,436,158,615,308
1079,641,436,158,615,308
1080,642,436,155,614,308
1081,641,436,157,615,308
1082,640,436,158,616,308
1083,639,437,160,616,308
1084,639,435,158,617,309
1085,639,433,156,619,309
1086,641,433,157,617,309
1087,643,432,156,616,309
1088,643,432,155,616,309
1089,646,432,154,613,309
1090,646,431,154,614,309
1091,646,431,155,614,309
1092,647,430,155,614,309
1093,645,431,157,615,309
1094,645,429,159,617,309
1095,645,430,157,616,309
1096,646,431,157,614,309
1097,646,431,159,614,309
1098,643,433,162,614,310
1099,642,434,162,614,310
1100,641,435,159,614,310
1101,641,437,160,612,310
1102,644,437,159,609,310
1103,644,438,157,608,310
1104,643,438,156,609,310
1105,641,439,158,607,313
1106,637,443,159,606,314
1107,635,444,157,607,314
1108,633,446,157,607,314
1109,634,445,157,607,314
1110,635,444,158,607,314
1111,635,445,158,606,314
1112,636,443,160,606,315
1113,633,445,160,606,316
1114,631,447,159,606,316
1115,628,451,159,605,316
1116,629,450,158,605,316
1117,629,450,156,604,317
1118,631,450,157,602,317
1119,632,450,157,601,317
1120,632,449,155,601,318
1121,630,452,156,600,318
1122,628,454,156,600,318
1123,628,454,155,600,318
1124,626,457,158,599,318
1125,625,458,159,599,318
1126,627,455,161,598,320
1127,628,452,162,598,322
1128,630,450,160,598,322
1129,631,450,159,597,322
1130,630,449,161,598,323
1131,633,449,163,595,323
1132,633,449,161,595,323
1133,632,450,159,595,323
1134,632,450,161,595,323
1135,635,450,160,592,323
1136,635,450,160,592,323
1137,637,449,158,591,323
1138,637,451,159,589,323
1139,635,453,160,589,323
1140,633,455,159,589,323
1141,634,455,160,588,323
1142,633,457,162,587,323
1143,635,455,162,586,324
1144,636,454,160,586,324
1145,636,453,161,586,325
1146,637,453,161,585,325
1147,636,448,159,589,327
1148,634,448,160,591,327
1149,632,449,161,592,327
1150,634,449,159,590,327
1151,632,451,157,589,328
1152,632,453,156,586,329
1153,636,452,154,582,330
1154,638,451,154,581,330
1155,638,452,153,580,330
1156,637,452,152,581,330
1157,639,452,152,579,330
1158,641,451,151,577,331
1159,643,450,152,575,332
1160,640,453,152,575,332
1161,640,454,153,574,332
1162,639,454,154,574,333
1163,638,454,156,575,333
1164,638,454,156,575,333
1165,638,453,156,576,333
1166,639,454,155,574,333
1167,639,454,154,574,333
1168,639,455,152,573,333
1169,639,455,153,573,333
1170,637,456,154,572,335
1171,635,457,156,573,335
1172,637,456,156,572,335
1173,638,455,155,572,335
1174,636,455,154,574,335
1175,635,456,154,574,335
1176,635,456,153,573,336
1177,637,455,154,572,336
1178,634,454,156,574,338
1179,631,457,154,574,338
1180,631,456,155,575,338
1181,632,456,155,574,338
1182,632,455,154,575,338
1183,630,457,154,575,338
1184,630,457,157,575,338
1185,629,458,156,574,339
1186,627,461,153,573,339
1187,628,461,153,571,340
1188,629,460,153,571,340
1189,627,460,153,572,341
1190,626,461,154,572,341
1191,630,458,154,571,341
1192,629,460,152,570,341
1193,630,458,150,570,342
1194,629,459,148,570,342
1195,629,459,149,570,342
1196,627,461,148,570,342
1197,626,462,145,569,343
1198,627,461,143,569,343
1199,626,462,143,569,343
1200,627,464,143,566,343
1201,627,464,142,566,343
1202,629,463,143,565,343
1203,628,462,145,567,343
1204,627,462,145,568,343
1205,625,463,142,568,344
1206,624,460,142,571,345
1207,625,460,142,570,345
1208,625,460,142,570,345
1209,624,459,144,572,345
1210,626,457,146,572,345
1211,629,453,147,572,346
1212,630,454,145,570,346
1213,629,456,144,569,346
1214,625,459,148,570,346
1215,627,459,151,568,346
1216,628,460,154,566,346
1217,626,461,155,567,346
1218,626,460,153,568,346
1219,627,459,153,568,346
1220,627,455,153,572,346
1221,627,456,150,571,346
1222,628,456,150,570,346
1223,631,453,151,568,348
1224,633,454,149,565,348
1225,633,454,149,564,349
1226,635,453,148,563,349
1227,635,451,149,564,350
1228,632,453,149,565,350
1229,631,453,150,566,350
1230,631,454,148,565,350
1231,632,452,150,566,350
1232,633,452,152,565,350
1233,633,453,153,564,350
1234,633,454,153,563,350
1235,634,452,154,564,350
1236,634,452,154,564,350
1237,635,452,155,563,350
1238,635,451,156,564,350
1239,635,450,157,565,350
1240,635,450,158,565,350
1241,634,449,160,567,350
1242,633,449,161,568,350
1243,631,450,161,569,350
1244,631,447,160,571,351
1245,631,448,159,570,351
1246,628,451,160,570,351
1247,630,449,158,569,352
1248,628,451,159,569,352
1249,630,451,159,567,352
1250,629,453,162,566,352
1251,629,454,163,565,352
1252,629,454,163,565,352
1253,629,454,163,565,352
1254,629,452,163,566,353
1255,628,451,161,568,353
1256,629,449,162,568,354
1257,628,450,161,567,355
1258,628,450,160,567,355
1259,627,451,161,567,355
1260,627,449,161,568,356
1261,628,447,159,568,357
1262,627,446,159,569,358
1263,627,445,157,569,359
1264,625,446,158,570,359
1265,626,446,160,569,359
1266,628,445,159,568,359
1267,631,445,162,565,359
1268,631,442,162,567,360
1269,631,443,161,566,360
1270,631,442,162,567,360
1271,632,440,164,567,361
1272,632,441,167,566,361
1273,632,436,170,571,361
1274,634,437,172,567,362
1275,635,438,172,565,362
1276,634,439,172,565,362
1277,631,441,172,566,362
1278,630,439,169,569,362
1279,633,439,170,566,362
1280,632,440,170,566,362
1281,633,440,169,565,362
1282,634,441,170,563,362
1283,634,442,168,562,362
1284,634,444,165,560,362
1285,636,446,164,556,362
1286,634,447,166,557,362
1287,633,444,165,559,364
1288,633,443,166,560,364
1289,633,442,169,561,364
1290,634,442,168,560,364
1291,634,443,168,559,364
1292,634,444,168,558,364
1293,635,441,169,559,365
1294,634,442,171,559,365
1295,633,443,170,559,365
1296,634,442,172,558,366
1297,635,443,173,555,367
1298,632,444,173,556,368
1299,631,445,174,556,368
1300,632,444,175,556,368
1301,632,442,178,557,369
1302,630,443,177,558,369
1303,629,440,174,561,370
1304,629,440,174,561,370
1305,631,438,175,561,370
1306,631,435,174,564,370
1307,631,437,173,562,370
1308,630,438,173,561,371
1309,630,438,173,561,371
1310,629,438,169,562,371
1311,627,439,167,562,372
1312,627,434,167,566,373
1313,628,433,166,564,375
1314,627,432,164,566,375
1315,628,431,162,566,375
1316,628,430,162,567,375
1317,630,430,163,565,375
1318,630,431,162,564,375
1319,629,432,162,564,375
1320,630,432,164,563,375
1321,630,431,166,564,375
1322,630,433,164,562,375
1323,631,433,163,561,375
1324,632,433,163,560,375
1325,632,432,162,561,375
1326,632,430,161,561,377
1327,631,432,159,560,377
1328,629,433,160,560,378
1329,628,434,159,560,378
1330,628,435,158,559,378
1331,627,435,155,560,378
1332,628,436,153,558,378
1333,627,437,150,558,378
1334,628,436,148,558,378
1335,626,438,147,558,378
1336,625,438,146,559,378
1337,625,438,144,559,378
1338,626,438,141,558,378
1339,626,439,138,557,378
1340,626,437,138,558,379
1341,627,435,135,558,380
1342,629,435,135,556,380
1343,631,434,135,554,381
1344,630,436,135,553,381
1345,629,437,136,553,381
1346,627,441,136,551,381
1347,624,443,137,551,382
1348,623,443,136,551,383
1349,623,444,137,550,383
1350,627,444,135,546,383
1351,628,447,137,542,383
1352,629,447,140,541,383
1353,630,447,142,539,384
1354,631,445,142,538,386
1355,635,444,143,535,386
1356,634,445,143,535,386
1357,633,447,144,534,386
1358,636,447,145,531,386
1359,636,446,146,532,386
1360,635,447,146,532,386
1361,637,445,146,530,388
1362,635,447,145,529,389
1363,632,452,146,527,389
1364,634,452,144,525,389
1365,635,452,144,524,389
1366,636,452,144,523,389
1367,633,452,143,525,390
1368,632,454,142,524,390
1369,633,453,143,524,390
1370,631,454,141,525,390
1371,630,456,143,524,390
1372,628,457,142,525,390
1373,627,458,141,525,390
1374,627,457,141,525,391
1375,626,457,140,526,391
1376,624,459,140,525,392
1377,625,458,141,524,393
1378,626,457,143,523,394
1379,623,459,143,524,394
1380,624,460,146,522,394
1381,624,462,144,520,394
1382,624,462,143,520,394
1383,622,463,145,521,394
1384,621,463,146,521,395
1385,622,459,148,523,396
1386,621,459,148,524,396
1387,622,458,149,524,396
1388,621,459,151,524,396
1389,622,458,150,524,396
1390,622,460,150,522,396
1391,623,460,148,521,396
1392,624,459,151,520,397
1393,628,457,150,517,398
1394,630,455,151,516,399
1395,631,455,151,515,399
1396,631,456,149,514,399
1397,631,458,151,512,399
1398,630,457,152,512,401
1399,629,459,153,511,401
1400,630,458,151,511,401
1401,630,458,150,511,401
1402,630,455,150,513,402
1403,633,454,150,511,402
1404,633,450,153,515,402
1405,632,450,152,516,402
1406,633,449,151,515,403
1407,634,450,153,513,403
1408,635,449,152,513,403
1409,636,448,151,512,404
1410,635,448,152,513,404
1411,635,447,153,513,405
1412,636,447,153,512,405
1413,632,448,155,514,406
1414,633,447,154,514,406
1415,633,446,155,515,406
1416,634,446,154,514,406
1417,632,447,153,515,406
1418,633,447,153,514,406
1419,632,444,153,518,406
1420,631,445,152,518,406
1421,632,444,153,518,406
1422,629,447,153,518,406
1423,631,447,155,516,406
1424,633,446,154,515,406
1425,633,445,155,516,406
1426,633,444,158,517,406
1427,634,442,159,518,406
1428,635,442,159,517,406
1429,636,440,159,516,408
1430,636,441,159,514,409
1431,636,440,159,515,409
1432,633,441,158,517,409
1433,631,442,158,518,409
1434,632,441,160,517,410
1435,633,441,161,516,410
1436,634,439,160,517,410
1437,632,440,161,517,411
1438,635,436,165,517,412
1439,635,434,167,519,412
1440,636,436,166,516,412
1441,636,437,168,515,412
1442,637,436,169,514,413
1443,635,436,172,515,414
1444,635,435,172,516,414
1445,637,433,171,515,415
1446,638,433,171,514,415
1447,638,432,173,515,415
1448,638,430,173,516,416
1449,638,429,171,516,417
1450,639,429,169,515,417
1451,638,428,169,516,418
1452,638,426,167,517,419
1453,638,425,165,518,419
1454,638,424,165,519,419
1455,640,419,167,520,421
1456,640,420,165,519,421
1457,640,420,165,519,421
1458,641,420,167,518,421
1459,640,422,166,517,421
1460,641,420,166,518,421
1461,643,420,167,516,421
1462,644,418,166,516,422
1463,644,417,166,517,422
1464,644,416,167,518,422
1465,647,416,169,515,422
1466,647,417,172,514,422
1467,649,417,171,512,422
1468,652,414,173,511,423
1469,652,414,171,511,423
1470,651,416,171,510,423
1471,652,416,165,508,424
1472,652,416,163,507,425
1473,651,416,162,508,425
1474,653,414,163,508,425
1475,656,409,162,510,425
1476,657,408,162,510,425
1477,658,409,161,508,425
1478,659,410,160,506,425
1479,658,410,160,507,425
1480,658,410,158,507,425
1481,659,410,160,506,425
1482,661,409,159,505,425
1483,660,408,158,507,425
1484,660,409,157,506,425
1485,657,412,157,506,425
1486,655,413,156,507,425
1487,657,413,156,505,425
1488,657,412,155,505,426
1489,659,412,155,503,426
1490,658,413,156,503,426
1491,658,413,159,503,426
1492,658,414,158,502,426
1493,659,412,157,502,427
1494,660,411,156,502,427
1495,661,411,158,501,427
1496,662,410,157,500,428
1497,663,410,157,499,428
1498,663,408,155,501,428
1499,665,407,154,499,429
1500,664,407,154,499,430
1501,665,405,152,500,430
1502,664,408,152,498,430
1503,666,407,153,496,431
1504,668,406,149,495,431
1505,666,405,149,498,431
1506,670,401,152,496,433
1507,671,400,150,496,433
1508,672,398,150,495,435
1509,671,399,149,495,435
1510,671,399,149,495,435
1511,670,398,150,496,436
1512,669,400,149,495,436
1513,670,397,149,496,437
1514,669,397,148,496,438
1515,667,395,145,500,438
1516,668,394,144,500,438
1517,666,395,144,501,438
1518,665,396,144,501,438
1519,667,395,142,500,438
1520,665,398,144,499,438
1521,666,395,142,498,441
1522,663,397,142,497,443
1523,663,398,144,496,443
1524,662,396,146,497,445
1525,662,395,144,498,445
1526,662,396,140,497,445
1527,663,396,139,496,445
1528,663,397,138,495,445
1529,663,397,138,495,445
1530,663,396,139,495,446
1531,660,399,141,495,446
1532,660,401,143,493,446
1533,658,402,143,494,446
1534,660,403,142,491,446
1535,661,403,142,490,446
1536,661,402,144,490,447
1537,660,404,143,489,447
1538,662,402,142,488,448
1539,662,401,140,488,449
1540,661,400,140,490,449
1541,662,400,139,489,449
1542,662,399,136,489,450
1543,664,399,134,487,450
1544,663,400,135,487,450
1545,660,404,134,486,450
1546,659,406,135,485,450
1547,657,406,134,487,450
1548,657,404,134,488,451
1549,658,403,135,488,451
1550,657,405,135,487,451
1551,658,402,134,488,452
1552,657,401,133,489,453
1553,655,403,133,489,453
1554,656,405,132,486,453
1555,656,404,131,487,453
1556,655,405,134,486,454
1557,654,406,133,486,454
1558,652,408,132,486,454
1559,652,408,131,486,454
1560,652,405,133,488,455
1561,651,405,133,489,455
1562,654,404,135,486,456
1563,653,405,138,486,456
1564,650,408,137,486,456
1565,651,408,134,485,456
1566,650,409,134,485,456
1567,650,409,136,485,456
1568,649,409,135,486,456
1569,649,410,137,485,456
1570,649,407,137,487,457
1571,650,407,138,485,458
1572,650,407,138,485,458
1573,651,407,139,484,458
1574,652,406,138,484,458
1575,649,409,139,484,458
1576,652,410,140,480,458
1577,651,410,139,481,458
1578,650,408,140,481,461
1579,648,407,140,484,461
1580,648,407,140,484,461
1581,647,408,140,484,461
1582,647,406,140,485,462
1583,646,405,139,486,463
1584,645,406,139,486,463
1585,645,405,137,487,463
1586,644,403,136,489,464
1587,643,403,137,490,464
1588,642,405,135,489,464
1589,643,403,135,489,465
1590,643,402,134,489,466
1591,642,402,131,490,466
1592,643,401,130,490,466
1593,640,405,131,489,466
1594,640,404,130,490,466
1595,642,405,129,487,466
1596,641,404,130,489,466
1597,642,403,131,488,467
1598,644,402,131,486,468
1599,643,401,132,487,469
1600,644,401,133,486,469
1601,644,401,134,486,469
1602,643,402,134,486,469
1603,643,402,133,486,469
1604,637,408,134,486,469
1605,636,407,136,488,469
1606,637,406,135,487,470
1607,639,406,135,485,470
1608,638,408,134,484,470
1609,635,411,137,483,471
1610,635,411,138,483,471
1611,637,411,138,481,471
1612,638,411,140,480,471
1613,638,409,140,480,473
1614,637,406,142,483,474
1615,637,406,144,483,474
1616,633,409,145,484,474
1617,632,408,147,486,474
1618,634,408,147,484,474
1619,633,408,147,484,475
1620,635,408,146,482,475
1621,636,408,145,481,475
1622,635,410,145,480,475
1623,636,410,141,479,475
1624,636,409,140,480,475
1625,637,408,142,480,475
1626,637,408,142,480,475
1627,639,406,144,479,476
1628,639,404,144,480,477
1629,639,404,144,480,477
1630,642,403,145,478,477
1631,643,404,142,476,477
1632,643,404,140,476,477
1633,645,403,142,475,477
1634,645,403,143,475,477
1635,644,404,144,475,477
1636,643,405,143,475,477
1637,645,405,143,473,477
1638,645,405,142,473,477
1639,645,407,145,471,477
1640,644,408,146,471,477
1641,643,408,144,472,477
1642,641,409,144,473,477
1643,639,409,145,474,478
1644,641,408,148,473,478
1645,640,408,149,473,479
1646,640,406,146,474,480
1647,639,407,145,474,480
1648,638,406,147,476,480
1649,640,407,147,473,480
1650,641,406,148,473,480
1651,641,406,147,472,481
1652,641,407,148,471,481
1653,640,410,150,469,481
1654,638,412,149,469,481
1655,638,411,149,469,482
1656,638,411,148,469,482
1657,638,410,147,470,482
1658,639,410,145,469,482
1659,642,409,144,467,482
1660,644,410,145,464,482
1661,644,411,146,463,482
1662,643,412,146,463,482
1663,643,413,144,462,482
1664,644,411,145,463,482
1665,644,410,144,464,482
1666,643,411,143,464,482
1667,642,411,143,465,482
1668,644,410,142,464,482
1669,642,412,141,464,482
1670,642,412,140,464,482
1671,642,412,140,464,482
1672,640,413,141,465,482
1673,639,414,140,465,482
1674,638,413,140,465,484
1675,637,413,139,465,485
1676,636,414,136,465,485
1677,636,411,138,466,487
1678,637,410,138,466,487
1679,639,410,140,464,487
1680,640,409,140,464,487
1681,639,409,140,465,487
1682,640,407,141,466,487
1683,640,406,143,467,487
1684,640,405,145,468,487
1685,640,404,146,469,487
1686,642,402,146,469,487
1687,642,402,145,469,487
1688,641,404,147,468,487
1689,642,404,145,467,487
1690,640,406,146,467,487
1691,640,406,145,467,487
1692,640,405,145,467,488
1693,640,406,145,466,488
1694,640,405,145,466,489
1695,641,406,143,463,490
1696,641,406,143,463,490
1697,640,405,139,465,490
1698,640,402,141,468,490
1699,640,401,143,469,490
1700,637,403,143,470,490
1701,636,404,143,470,490
1702,636,402,145,471,491
1703,636,401,146,472,491
1704,637,401,146,471,491
1705,636,403,144,470,491
1706,633,405,144,470,492
1707,630,406,145,472,492
1708,630,405,145,472,493
1709,628,406,143,472,494
1710,628,406,141,471,495
1711,629,404,142,472,495
1712,630,404,140,471,495
1713,630,404,140,471,495
1714,629,404,138,471,496
1715,628,405,137,471,496
1716,628,405,136,471,496
1717,630,405,133,469,496
1718,630,404,135,470,496
1719,627,406,137,471,496
1720,627,407,137,470,496
1721,626,408,138,470,496
1722,625,407,137,471,497
1723,624,407,139,472,497
1724,623,408,138,472,497
1725,623,408,139,472,497
1726,622,409,141,472,497
1727,621,409,139,471,499
1728,622,407,138,471,500
1729,624,406,136,469,501
1730,624,405,135,470,501
1731,624,405,139,470,501
1732,623,405,140,471,501
1733,623,403,138,471,503
1734,623,402,137,471,504
1735,623,400,137,472,505
1736,623,399,136,472,506
1737,624,399,136,471,506
1738,622,402,134,470,506
1739,622,401,135,470,507
1740,622,401,134,470,507
1741,620,403,136,470,507
1742,620,402,136,471,507
1743,621,401,133,470,508
1744,619,402,130,470,509
1745,619,402,129,470,509
1746,619,398,132,473,510
1747,618,396,132,474,512
1748,623,395,129,470,512
1749,625,395,128,468,512
1750,624,397,131,467,512
1751,622,395,132,470,513
1752,620,396,131,471,513
1753,620,395,129,472,513
1754,621,395,130,471,513
1755,622,395,129,470,513
1756,620,396,127,471,513
1757,620,395,128,472,513
1758,617,397,130,473,513
1759,617,396,133,474,513
1760,616,396,131,475,513
1761,615,397,129,475,513
1762,614,395,129,478,513
1763,612,392,128,481,515
1764,612,393,130,480,515
1765,612,393,131,480,515
1766,612,394,131,479,515
1767,612,391,131,480,517
1768,611,390,132,482,517
1769,611,389,133,483,517
1770,610,388,134,483,519
1771,610,386,134,484,520
1772,611,384,134,484,521
1773,611,383,133,485,521
1774,611,384,133,484,521
1775,611,385,133,483,521
1776,611,382,133,485,522
1777,611,382,133,485,522
1778,612,383,134,483,522
1779,613,381,134,482,524
1780,611,382,132,483,524
1781,611,381,130,484,524
1782,611,379,131,484,526
1783,612,379,130,482,527
1784,609,381,132,482,528
1785,607,383,130,482,528
1786,606,383,132,483,528
1787,606,382,134,483,529
1788,605,382,134,484,529
1789,605,383,136,483,529
1790,606,381,135,483,530
1791,606,382,136,482,530
1792,610,382,135,478,530
1793,609,383,134,478,530
1794,608,385,135,477,530
1795,608,385,135,477,530
1796,608,384,135,478,530
1797,608,382,137,479,531
1798,608,380,138,481,531
1799,609,379,135,481,531
1800,608,381,136,480,531
1801,608,380,137,481,531
1802,609,380,138,480,531
1803,609,380,137,479,532
1804,611,378,138,478,533
1805,610,377,138,480,533
1806,607,379,138,481,533
1807,608,380,136,479,533
1808,605,382,137,479,534
1809,605,380,136,480,535
1810,606,378,136,480,536
1811,607,379,134,478,536
1812,607,382,135,475,536
1813,607,378,134,478,537
1814,604,381,135,478,537
1815,604,382,135,477,537
1816,604,382,135,477,537
1817,600,384,136,478,538
1818,597,388,135,477,538
1819,595,390,135,476,539
1820,595,391,137,475,539
1821,598,392,136,471,539
1822,597,390,136,473,540
1823,596,390,135,473,541
1824,597,390,135,472,541
1825,594,393,134,472,541
1826,594,393,134,472,541
1827,594,394,136,471,541
1828,596,394,138,469,541
1829,595,396,139,468,541
1830,595,395,142,468,542
1831,595,394,139,468,543
1832,597,391,139,469,543
1833,598,389,140,470,543
1834,598,389,141,470,543
1835,596,391,141,470,543
1836,596,393,143,468,543
1837,593,394,144,470,543
1838,591,396,146,470,543
1839,590,397,145,470,543
1840,591,394,147,472,543
1841,589,395,146,473,543
1842,589,396,146,472,543
1843,587,396,148,472,545
1844,588,396,147,471,545
1845,590,397,148,468,545
1846,589,398,146,468,545
1847,590,398,147,467,545
1848,591,398,150,466,545
1849,591,397,153,467,545
1850,591,397,153,467,545
1851,591,396,152,468,545
1852,588,398,153,468,546
1853,589,398,154,467,546
1854,589,397,154,468,546
1855,590,397,154,467,546
1856,590,398,156,466,546
1857,587,401,156,466,546
1858,585,403,155,466,546
1859,583,403,154,467,547
1860,583,402,153,468,547
1861,583,403,154,467,547
1862,583,404,154,466,547
1863,583,405,153,465,547
1864,583,406,150,464,547
1865,584,406,151,463,547
1866,584,406,152,462,548
1867,584,407,150,461,548
1868,583,409,149,460,548
1869,584,410,147,458,548
1870,580,412,148,459,549
1871,578,414,148,459,549
1872,580,412,149,457,551
1873,580,411,150,457,552
1874,585,411,148,452,552
1875,584,412,150,452,552
1876,584,412,151,452,552
1877,584,409,150,454,553
1878,585,408,149,454,553
1879,586,409,147,451,554
1880,585,410,149,451,554
1881,585,409,151,452,554
1882,585,410,149,451,554
1883,583,412,150,450,555
1884,583,412,146,450,555
1885,582,410,147,453,555
1886,580,410,147,455,555
1887,580,411,147,454,555
1888,582,411,145,452,555
1889,578,416,144,451,555
1890,578,416,143,451,555
1891,575,419,143,451,555
1892,573,420,145,451,556
1893,572,421,150,451,556
1894,573,422,149,449,556
1895,572,423,149,449,556
1896,572,423,149,449,556
1897,572,423,148,449,556
1898,571,423,146,449,557
1899,570,425,146,448,557
1900,569,425,145,449,557
1901,571,425,144,447,557
1902,571,423,142,449,557
1903,571,423,144,448,558
1904,573,424,142,445,558
1905,572,422,144,448,558
1906,574,421,142,446,559
1907,578,420,143,442,560
1908,578,420,143,442,560
1909,577,420,143,443,560
1910,577,421,145,442,560
1911,577,421,145,442,560
1912,577,419,144,442,562
1913,581,419,144,438,562
1914,581,417,144,439,563
1915,582,416,144,438,564
1916,582,417,144,437,564
1917,581,417,144,438,564
1918,578,419,143,439,564
1919,578,419,142,439,564
1920,577,417,138,441,565
1921,577,417,140,441,565
1922,577,414,141,442,567
1923,575,415,141,443,567
1924,576,414,141,442,568
1925,572,418,139,442,568
1926,570,420,138,442,568
1927,567,423,137,442,568
1928,567,422,136,443,568
1929,565,424,138,443,568
1930,564,425,138,443,568
1931,564,421,140,447,568
1932,563,421,140,448,568
1933,564,419,140,449,568
1934,565,418,138,449,568
1935,564,421,138,447,568
1936,564,421,137,447,568
1937,565,419,138,447,569
1938,565,419,136,447,569
1939,561,422,135,448,569
1940,557,425,134,448,570
1941,558,425,135,447,570
1942,558,424,134,448,570
1943,559,424,133,447,570
1944,559,424,133,447,570
1945,559,420,133,449,572
1946,555,422,132,449,574
1947,553,422,134,450,575
1948,551,423,134,451,575
1949,551,422,133,452,575
1950,550,421,131,453,576
1951,549,422,132,453,576
1952,548,422,131,453,577
1953,548,420,131,455,577
1954,548,418,132,456,578
1955,548,418,131,456,578
1956,547,418,132,456,579
1957,547,417,132,457,579
1958,545,417,133,458,580
1959,542,421,133,457,580
1960,544,421,136,455,580
1961,542,422,136,456,580
1962,541,423,135,456,580
1963,541,421,135,458,580
1964,540,419,135,460,581
1965,539,420,136,460,581
1966,538,419,135,462,581
1967,538,419,136,462,581
1968,538,420,137,460,582
1969,534,423,140,461,582
1970,536,423,139,459,582
1971,536,422,139,460,582
1972,536,422,139,460,582
1973,536,423,139,459,582
1974,535,424,139,458,583
1975,534,421,139,460,585
1976,534,420,139,460,586
1977,533,420,139,461,586
1978,533,419,139,462,586
1979,533,417,140,464,586
1980,532,419,139,463,586
1981,528,422,137,464,586
1982,527,423,137,464,586
1983,529,422,138,462,587
1984,529,422,137,462,587
1985,528,422,138,462,588
1986,531,421,137,460,588
1987,532,420,136,460,588
1988,529,423,138,458,590
1989,526,426,141,458,590
1990,527,425,143,457,591
1991,527,424,145,458,591
1992,524,426,144,459,591
1993,523,423,142,462,592
1994,524,423,142,461,592
1995,524,423,143,460,593
1996,523,423,143,460,594
1997,520,425,142,460,595
1998,520,425,144,460,595
1999,520,425,146,460,595
2000,518,425,146,461,596
2001,519,424,146,460,597
2002,519,424,146,459,598
2003,519,425,143,458,598
2004,520,419,143,462,599
2005,524,420,142,457,599
2006,525,422,143,454,599
2007,526,422,143,453,599
2008,524,422,144,454,600
2009,526,418,145,455,601
2010,527,419,144,453,601
2011,530,419,144,450,601
2012,530,418,145,451,601
2013,530,418,146,451,601
2014,530,419,145,449,602
2015,531,419,145,448,602
2016,532,415,146,449,604
2017,532,414,145,450,604
2018,533,414,146,449,604
2019,532,414,146,450,604
2020,535,415,148,446,604
2021,534,415,147,446,605
2022,534,414,148,446,606
2023,533,415,149,446,606
2024,534,415,154,445,606
2025,535,415,157,444,606
2026,535,416,156,443,606
2027,536,416,155,442,606
2028,536,417,155,441,606
2029,537,416,154,441,606
2030,536,417,151,441,606
2031,535,417,152,441,607
2032,537,416,152,439,608
2033,538,417,150,437,608
2034,538,417,150,436,609
2035,536,418,149,436,610
2036,536,417,151,436,611
2037,537,418,148,434,611
2038,536,419,150,434,611
2039,539,417,148,433,611
2040,541,417,149,431,611
2041,541,417,148,431,611
2042,540,416,148,432,612
2043,541,414,148,433,612
2044,541,416,149,431,612
2045,542,415,149,431,612
2046,541,415,151,431,613
2047,540,415,149,431,614
2048,541,414,147,431,614
2049,542,413,146,431,614
2050,542,413,144,431,614
2051,541,413,142,432,614
2052,541,412,144,432,615
2053,538,414,144,431,617
2054,539,412,142,431,618
2055,540,413,144,429,618
2056,543,413,142,426,618
2057,543,412,142,426,619
2058,543,413,142,425,619
2059,540,416,143,425,619
2060,540,415,140,425,620
2061,542,415,140,423,620
2062,541,414,144,424,621
2063,542,412,146,425,621
2064,543,412,148,424,621
2065,544,412,146,423,621
2066,543,412,147,424,621
2067,541,413,146,425,621
2068,535,419,146,425,621
2069,535,418,143,425,622
2070,534,420,143,424,622
2071,532,421,144,425,622
2072,532,419,142,427,622
2073,532,419,142,426,623
2074,532,419,143,426,623
2075,533,419,144,424,624
2076,537,418,143,421,624
2077,538,418,143,420,624
2078,538,420,141,418,624
2079,537,421,141,418,624
2080,537,422,142,417,624
2081,536,422,142,418,624
2082,537,422,144,417,624
2083,535,424,142,416,625
2084,536,424,147,415,625
2085,536,423,146,416,625
2086,535,424,147,416,625
2087,536,423,146,415,626
2088,535,422,147,417,626
2089,535,422,144,417,626
2090,535,420,145,419,626
2091,535,419,143,420,626
2092,534,420,144,420,626
2093,534,419,142,421,626
2094,535,418,141,420,627
2095,535,417,141,421,627
2096,535,418,142,420,627
2097,534,418,145,421,627
2098,534,418,143,421,627
2099,536,419,141,418,627
2100,532,420,142,420,628
2101,529,422,142,420,629
2102,530,423,141,418,629
2103,529,424,146,418,629
2104,530,424,146,417,629
2105,531,422,147,417,630
2106,535,419,146,415,631
2107,538,416,146,415,631
2108,540,415,146,414,631
2109,537,416,147,416,631
2110,534,418,147,416,632
2111,534,418,147,416,632
2112,533,420,149,415,632
2113,533,419,149,416,632
2114,535,418,151,414,633
2115,535,418,152,414,633
2116,539,418,150,410,633
2117,539,419,151,409,633
2118,538,421,152,408,633
2119,537,419,154,411,633
2120,538,418,156,410,634
2121,537,418,155,410,635
2122,535,419,156,410,636
2123,533,420,156,410,637
2124,533,419,152,410,638
2125,534,419,151,409,638
2126,534,419,152,409,638
2127,531,420,153,410,639
2128,531,420,155,410,639
2129,531,420,153,410,639
2130,527,424,153,410,639
2131,525,425,153,411,639
2132,524,425,154,411,640
2133,524,425,156,411,640
2134,525,425,157,410,640
2135,524,426,159,410,640
2136,524,426,157,410,640
2137,524,426,157,410,640
2138,524,423,157,412,641
2139,523,425,157,411,641
2140,524,425,156,410,641
2141,526,423,156,409,642
2142,526,423,157,409,642
2143,527,424,160,407,642
2144,526,422,160,409,643
2145,525,422,160,410,643
2146,525,422,161,410,643
2147,525,421,161,410,644
2148,527,421,161,408,644
2149,528,421,161,407,644
2150,528,421,162,407,644
2151,527,420,162,409,644
2152,528,419,161,409,644
2153,529,420,161,407,644
2154,526,424,165,406,644
2155,524,426,166,406,644
2156,523,426,165,407,644
2157,522,426,165,408,644
2158,522,423,164,410,645
2159,521,424,162,410,645
2160,520,424,161,410,646
2161,520,425,162,409,646
2162,520,425,160,409,646
2163,520,423,159,410,647
2164,521,422,158,410,647
2165,520,423,160,410,647
2166,519,423,159,411,647
2167,520,423,158,410,647
2168,517,425,157,410,648
2169,516,427,157,409,648
2170,516,426,157,410,648
2171,514,430,157,408,648
2172,513,432,162,407,648
2173,513,431,162,408,648
2174,512,431,162,408,649
2175,513,430,160,408,649
2176,513,431,160,407,649
2177,513,432,159,406,649
2178,514,431,161,406,649
2179,510,434,160,407,649
2180,513,432,162,405,650
2181,512,432,165,406,650
2182,511,433,164,406,650
2183,510,433,163,406,651
2184,509,432,160,407,652
2185,508,431,162,409,652
2186,510,430,162,408,652
2187,509,433,161,406,652
2188,508,434,160,405,653
2189,507,434,162,406,653
2190,508,434,161,405,653
2191,505,437,162,404,654
2192,505,438,161,403,654
2193,507,437,161,401,655
2194,506,436,162,402,656
2195,503,440,163,401,656
2196,501,442,161,401,656
2197,501,444,160,399,656
2198,501,445,159,398,656
2199,500,445,158,398,657
2200,501,443,157,399,657
2201,503,443,158,397,657
2202,503,444,157,396,657
2203,502,444,155,397,657
2204,503,444,157,396,657
2205,504,442,155,397,657
2206,506,439,157,396,659
2207,506,437,158,397,660
2208,505,435,156,400,660
2209,505,435,155,400,660
2210,503,436,155,401,660
2211,502,436,155,402,660
2212,500,435,154,404,661
2213,501,435,152,403,661
2214,501,432,151,405,662
2215,503,432,150,403,662
2216,501,434,151,403,662
2217,502,430,154,404,664
2218,504,426,154,404,666
2219,504,423,152,405,668
2220,504,421,150,407,668
2221,503,421,152,408,668
2222,504,420,150,408,668
2223,503,420,149,409,668
2224,503,420,150,409,668
2225,504,417,148,411,668
2226,504,418,148,410,668
2227,504,417,150,411,668
2228,504,417,150,411,668
2229,506,415,153,410,669
2230,506,415,154,409,670
2231,507,415,152,408,670
2232,507,415,151,408,670
2233,508,415,150,407,670
2234,508,416,150,406,670
2235,508,415,148,407,670
2236,506,415,148,409,670
2237,506,412,151,411,671
2238,505,411,151,412,672
2239,505,409,151,413,673
2240,504,410,149,413,673
2241,502,410,149,414,674
2242,503,408,149,414,675
2243,503,406,149,415,676
2244,502,408,149,414,676
2245,503,407,151,414,676
2246,501,408,148,415,676
2247,502,410,149,412,676
2248,500,412,150,412,676
2249,500,414,150,410,676
2250,499,415,151,410,676
2251,499,417,152,408,676
2252,498,415,151,410,677
2253,498,416,150,409,677
2254,498,416,147,409,677
2255,497,417,145,409,677
2256,496,416,147,411,677
2257,494,414,146,415,677
2258,494,414,146,414,678
2259,488,418,146,415,679
2260,488,419,146,414,679
2261,488,418,145,415,679
2262,488,417,142,415,680
2263,488,417,142,415,680
2264,488,417,144,415,680
2265,490,417,143,413,680
2266,490,417,144,413,680
2267,490,416,147,414,680
2268,491,414,150,414,681
2269,492,412,151,414,682
2270,493,408,150,415,684
2271,492,406,150,418,684
2272,493,406,145,417,684
2273,494,406,146,416,684
2274,494,406,146,416,684
2275,494,405,145,416,685
2276,494,405,146,416,685
2277,491,409,147,415,685
2278,490,411,145,414,685
2279,491,409,145,414,686
2280,491,408,142,415,686
2281,492,408,139,414,686
2282,491,409,141,414,686
2283,493,406,142,415,686
2284,494,406,142,413,687
2285,495,406,139,412,687
2286,496,405,139,412,687
2287,498,404,141,410,688
2288,499,404,139,409,688
2289,497,401,138,413,689
2290,496,401,137,414,689
2291,494,400,136,416,690
2292,495,398,136,416,691
2293,494,398,135,416,692
2294,494,397,135,417,692
2295,494,396,134,417,693
2296,494,396,135,417,693
2297,492,398,135,417,693
2298,494,397,138,416,693
2299,496,396,141,415,693
2300,496,396,143,414,694
2301,494,399,141,413,694
2302,493,399,141,414,694
2303,493,399,139,414,694
2304,493,399,137,414,694
2305,491,400,140,415,694
2306,491,400,138,415,694
2307,490,401,136,415,694
2308,491,402,140,413,694
2309,489,404,141,413,694
2310,488,404,140,414,694
2311,488,403,139,414,695
2312,489,404,138,412,695
2313,488,405,139,412,695
2314,489,405,139,411,695
2315,489,404,140,411,696
2316,487,405,141,411,697
2317,487,403,138,412,698
2318,487,400,138,415,698
2319,488,400,138,414,698
2320,488,400,137,413,699
2321,488,400,138,413,699
2322,486,401,139,414,699
2323,487,399,140,415,699
2324,486,401,138,414,699
2325,486,397,140,416,701
2326,486,394,140,419,701
2327,486,391,138,420,703
2328,486,391,137,420,703
2329,487,389,135,421,703
2330,485,390,135,421,704
2331,485,391,136,420,704
2332,486,389,138,420,705
2333,488,389,138,418,705
2334,487,390,138,418,705
2335,487,387,137,420,706
2336,486,389,137,419,706
2337,485,390,135,419,706
2338,483,392,135,419,706
2339,478,393,136,422,707
2340,478,389,138,424,709
2341,478,389,139,424,709
2342,478,388,138,425,709
2343,478,389,135,424,709
2344,477,389,135,425,709
2345,478,389,133,424,709
2346,478,386,133,425,711
2347,477,388,131,423,712
2348,477,387,130,423,713
2349,478,387,130,422,713
2350,478,387,129,421,714
2351,478,386,133,422,714
2352,480,385,135,420,715
2353,481,384,135,420,715
2354,482,384,136,419,715
2355,481,385,136,419,715
2356,481,383,134,421,715
2357,480,385,136,420,715
2358,482,383,137,419,716
2359,483,379,137,420,718
2360,483,380,140,419,718
2361,484,378,139,419,719
2362,484,377,141,419,720
2363,487,377,142,416,720
2364,489,377,141,414,720
2365,487,378,139,415,720
2366,487,377,137,416,720
2367,487,377,136,416,720
2368,487,376,134,416,721
2369,489,372,135,418,721
2370,490,372,136,417,721
2371,486,375,135,418,721
2372,487,375,134,417,721
2373,487,375,133,417,721
2374,487,375,133,415,723
2375,485,376,133,415,724
2376,485,376,132,415,724
2377,485,377,133,414,724
2378,485,377,136,414,724
2379,485,377,136,414,724
2380,486,375,136,415,724
2381,484,374,138,415,727
2382,484,375,136,413,728
2383,482,377,135,413,728
2384,483,376,133,413,728
2385,482,376,135,413,729
2386,480,378,133,413,729
2387,480,379,132,412,729
2388,478,376,134,415,731
2389,477,375,133,417,731
2390,477,375,133,417,731
2391,477,376,135,416,731
2392,476,374,134,419,731
2393,475,374,135,420,731
2394,475,374,137,420,731
2395,474,374,138,421,731
2396,473,374,137,421,732
2397,474,371,138,422,733
2398,474,372,135,421,733
2399,476,371,133,419,734
2400,475,372,130,419,734
2401,474,373,130,419,734
2402,475,372,131,419,734
2403,474,371,132,420,735
2404,474,370,134,421,735
2405,474,369,132,422,735
2406,476,368,133,420,736
2407,476,369,134,419,736
2408,475,369,134,420,736
2409,475,369,133,420,736
2410,474,370,133,420,736
2411,476,370,135,418,736
2412,476,370,135,418,736
2413,476,370,135,418,736
2414,479,368,135,416,737
2415,479,368,136,416,737
2416,477,370,135,416,737
2417,476,371,135,416,737
2418,477,371,134,415,737
2419,477,370,134,416,737
2420,475,371,134,417,737
2421,476,370,133,417,737
2422,476,369,134,418,737
2423,477,369,133,417,737
2424,476,370,133,417,737
2425,476,370,133,417,737
2426,476,369,133,418,737
2427,475,370,135,418,737
2428,474,369,134,420,737
2429,475,369,133,419,737
2430,473,370,132,420,737
2431,474,369,130,420,737
2432,473,370,130,420,737
2433,476,369,131,418,737
2434,477,369,132,417,737
2435,476,368,134,418,738
2436,476,368,134,418,738
2437,475,368,133,418,739
2438,477,367,132,416,740
2439,477,367,133,416,740
2440,478,366,133,416,740
2441,480,366,132,414,740
2442,481,365,133,414,740
2443,481,366,134,413,740
2444,481,365,135,413,741
2445,479,367,135,413,741
2446,479,365,137,414,742
2447,479,364,139,415,742
2448,478,365,139,415,742
2449,476,367,138,415,742
2450,476,367,139,415,742
2451,476,366,137,415,743
2452,476,366,136,415,743
2453,476,361,138,420,743
2454,475,362,137,420,743
2455,475,362,136,420,743
2456,474,363,136,420,743
2457,473,365,135,419,743
2458,474,364,134,419,743
2459,474,361,134,422,743
2460,475,361,133,421,743
2461,474,362,135,420,744
2462,474,361,133,420,745
2463,473,362,133,420,745
2464,472,363,132,420,745
2465,471,364,133,420,745
2466,470,364,133,421,745
2467,470,362,132,423,745
2468,470,356,134,427,747
2469,469,355,132,429,747
2470,469,354,133,429,748
2471,470,352,133,430,748
2472,468,355,133,429,748
2473,466,356,133,430,748
2474,464,357,132,430,749
2475,463,357,132,431,749
2476,463,356,134,432,749
2477,460,359,133,432,749
2478,462,357,130,431,750
2479,462,357,131,431,750
2480,461,357,131,431,751
2481,460,357,130,431,752
2482,460,358,129,430,752
2483,459,356,131,433,752
2484,459,355,133,434,752
2485,460,355,131,433,752
2486,463,354,131,430,753
2487,465,354,132,428,753
2488,465,353,131,428,754
2489,464,354,130,428,754
2490,463,355,131,428,754
2491,461,358,131,427,754
2492,459,359,134,428,754
2493,458,360,133,428,754
2494,456,362,132,428,754
2495,456,361,129,429,754
2496,457,360,132,429,754
2497,457,359,130,430,754
2498,456,360,133,430,754
2499,455,360,132,431,754
2500,455,356,134,434,755
2501,455,354,137,436,755
2502,454,354,137,437,755
2503,457,353,135,435,755
2504,457,353,134,435,755
2505,455,355,134,435,755
2506,457,356,133,432,755
2507,454,359,132,432,755
2508,450,363,130,432,755
2509,446,364,129,433,757
2510,446,362,131,435,757
2511,445,363,129,435,757
2512,445,362,131,435,758
2513,445,362,134,435,758
2514,445,362,133,435,758
2515,446,361,131,435,758
2516,446,362,131,434,758
2517,446,361,131,434,759
2518,448,359,130,433,760
2519,448,359,129,433,760
2520,445,362,129,433,760
2521,447,361,128,432,760
2522,447,359,126,432,762
2523,449,357,126,431,763
2524,449,358,126,430,763
2525,448,359,126,430,763
2526,447,359,127,431,763
2527,447,357,126,432,764
2528,445,359,127,432,764
2529,444,361,129,431,764
2530,444,357,129,433,766
2531,443,356,130,435,766
2532,446,355,127,432,767
2533,448,355,127,430,767
2534,448,357,125,428,767
2535,448,357,125,428,767
2536,448,357,125,428,767
2537,448,357,126,428,767
2538,449,357,126,427,767
2539,449,355,125,429,767
2540,449,356,124,428,767
2541,449,356,125,428,767
2542,448,357,125,428,767
2543,450,356,124,427,767
2544,449,356,122,428,767
2545,449,356,123,428,767
2546,448,359,122,426,767
2547,447,360,119,426,767
2548,448,360,120,425,767
2549,446,362,122,425,767
2550,447,360,121,425,768
2551,447,360,118,425,768
2552,446,360,117,426,768
2553,447,359,114,426,768
2554,450,355,116,425,770
2555,449,355,117,425,771
2556,449,353,117,427,771
2557,449,353,118,427,771
2558,448,355,117,426,771
2559,448,355,117,426,771
2560,447,355,116,426,772
2561,445,355,114,427,773
2562,445,355,117,426,774
2563,445,355,114,426,774
2564,447,355,115,424,774
2565,449,354,116,423,774
2566,449,353,115,424,774
2567,451,353,117,422,774
2568,451,350,115,425,774
2569,450,349,117,425,776
2570,450,350,116,424,776
2571,450,346,118,427,777
2572,451,345,119,426,778
2573,450,346,119,426,778
2574,449,346,120,426,779
2575,447,347,120,427,779
2576,449,346,120,426,779
2577,450,345,121,425,780
2578,451,345,121,424,780
2579,450,343,120,427,780
2580,451,344,122,425,780
2581,449,345,123,426,780
2582,450,344,124,426,780
2583,449,343,122,428,780
2584,449,341,121,430,780
2585,450,340,123,430,780
2586,449,341,125,430,780
2587,448,340,123,430,782
2588,446,341,124,431,782
2589,446,340,125,431,783
2590,444,342,124,431,783
2591,444,338,124,434,784
2592,444,338,122,434,784
2593,445,338,122,433,784
2594,446,339,123,430,785
2595,445,336,125,433,786
2596,445,334,123,435,786
2597,444,333,124,437,786
2598,442,334,123,438,786
2599,442,333,124,438,787
2600,442,334,122,437,787
2601,441,336,119,436,787
2602,440,336,118,437,787
2603,439,336,118,438,787
2604,440,336,121,437,787
2605,442,340,123,431,787
2606,441,342,125,430,787
2607,440,343,125,430,787
2608,439,343,123,431,787
2609,440,343,124,430,787
2610,441,343,123,429,787
2611,441,342,123,430,787
2612,440,341,120,431,788
2613,441,341,118,430,788
2614,437,345,120,430,788
2615,436,345,121,430,789
2616,435,344,122,431,790
2617,437,344,123,429,790
2618,437,345,125,428,790
2619,437,345,126,428,790
2620,436,347,127,427,790
2621,435,347,128,428,790
2622,435,347,130,428,790
2623,436,346,132,427,791
2624,434,348,133,427,791
2625,434,348,133,427,791
2626,434,347,131,428,791
2627,432,349,129,428,791
2628,431,349,130,429,791
2629,431,350,130,428,791
2630,431,350,132,427,792
2631,430,351,130,427,792
2632,427,354,130,427,792
2633,427,354,129,427,792
2634,427,353,130,428,792
2635,425,354,129,429,792
2636,425,352,129,431,792
2637,423,354,129,431,792
2638,423,353,128,432,792
2639,423,353,127,432,792
2640,423,354,127,431,792
2641,424,352,126,431,793
2642,424,353,130,430,793
2643,424,353,130,429,794
2644,423,354,130,429,794
2645,421,356,130,429,794
2646,422,354,130,430,794
2647,423,352,132,431,794
2648,422,351,131,433,794
2649,423,349,131,434,794
2650,424,348,133,434,794
2651,425,346,135,435,794
2652,425,346,135,435,794
2653,426,345,136,434,795
2654,427,345,136,433,795
2655,428,344,135,433,795
2656,427,344,137,434,795
2657,426,343,135,435,796
2658,426,341,136,437,796
2659,426,335,136,441,798
2660,426,334,136,442,798
2661,425,335,137,442,798
2662,426,335,135,441,798
2663,427,334,136,440,799
2664,428,334,134,438,800
2665,427,335,133,438,800
2666,426,335,137,439,800
2667,426,336,135,438,800
2668,425,338,136,437,800
2669,424,339,137,437,800
2670,424,341,138,435,800
2671,423,341,135,436,800
2672,424,341,135,435,800
2673,424,343,135,433,800
2674,424,343,135,433,800
2675,424,344,135,432,800
2676,424,344,135,432,800
2677,426,340,133,433,801
2678,424,340,134,435,801
2679,424,340,135,435,801
2680,422,342,132,435,801
2681,422,342,131,435,801
2682,422,341,132,436,801
2683,419,344,136,436,801
2684,419,343,136,437,801
2685,420,342,134,437,801
2686,421,341,133,436,802
2687,419,343,133,436,802
2688,418,344,133,436,802
2689,420,342,132,434,804
2690,420,341,131,435,804
2691,422,339,131,433,806
2692,423,339,133,432,806
2693,422,339,133,433,806
2694,422,340,130,432,806
2695,422,339,130,433,806
2696,424,339,130,431,806
2697,423,338,128,432,807
2698,423,339,128,431,807
2699,422,339,127,432,807
2700,421,339,128,433,807
2701,422,337,130,433,808
2702,420,338,131,433,809
2703,418,339,131,433,810
2704,418,338,128,434,810
2705,417,337,125,436,810
2706,417,338,123,435,810
2707,418,338,123,434,810
2708,420,338,125,432,810
2709,419,337,124,433,811
2710,421,336,123,432,811
2711,421,336,125,432,811
2712,420,336,128,433,811
2713,420,335,127,434,811
2714,421,335,126,433,811
2715,419,337,125,433,811
2716,418,337,124,434,811
2717,417,338,122,434,811
2718,417,338,122,434,811
2719,417,338,123,434,811
2720,419,338,121,431,812
2721,419,338,121,431,812
2722,419,336,119,432,813
2723,419,336,117,432,813
2724,418,335,119,433,814
2725,418,335,117,433,814
2726,417,336,117,433,814
2727,417,337,119,432,814
2728,417,338,117,431,814
2729,417,338,115,431,814
2730,415,338,113,432,815
2731,415,337,114,433,815
2732,416,337,116,432,815
2733,416,338,117,431,815
2734,416,337,119,432,815
2735,416,337,119,432,815
2736,416,335,119,434,815
2737,415,335,120,435,815
2738,414,334,122,437,815
2739,416,329,123,438,817
2740,416,329,124,438,817
2741,415,330,124,438,817
2742,413,333,121,437,817
2743,413,332,121,437,818
2744,413,331,122,437,819
2745,415,331,120,435,819
2746,416,330,123,434,820
2747,416,326,121,437,821
2748,415,326,122,438,821
2749,415,326,123,438,821
2750,416,325,120,438,821
2751,418,325,120,436,821
2752,420,324,123,435,821
2753,422,324,123,433,821
2754,422,324,121,433,821
2755,422,323,123,433,822
2756,421,324,123,433,822
2757,422,323,125,433,822
2758,423,323,124,432,822
2759,424,324,125,430,822
2760,423,324,125,431,822
2761,423,324,124,431,822
2762,424,324,124,430,822
2763,424,325,123,429,822
2764,424,325,124,429,822
2765,425,323,123,430,822
2766,424,324,120,430,822
2767,424,325,123,429,822
2768,424,324,123,430,822
2769,424,324,120,430,822
2770,424,324,119,430,822
2771,425,320,120,431,824
2772,423,322,121,431,824
2773,422,322,120,432,824
2774,423,320,119,433,824
2775,423,318,121,435,824
2776,422,320,121,433,825
2777,422,318,122,434,826
2778,422,318,122,434,826
2779,422,319,120,433,826
2780,423,319,121,432,826
2781,421,319,122,433,827
2782,422,317,121,434,827
2783,420,317,117,434,829
2784,420,318,117,433,829
2785,422,317,119,431,830
2786,424,315,119,431,830
2787,425,314,120,430,831
2788,423,314,119,431,832
2789,422,313,121,431,834
2790,422,314,123,430,834
2791,422,313,120,431,834
2792,422,312,118,432,834
2793,422,311,118,433,834
2794,421,312,118,433,834
2795,421,312,116,433,834
2796,421,311,116,433,835
2797,419,313,116,433,835
2798,419,312,115,434,835
2799,418,313,115,434,835
2800,418,310,115,436,836
2801,420,309,113,435,836
2802,418,311,113,435,836
2803,416,312,113,436,836
2804,415,314,115,435,836
2805,414,314,118,435,837
2806,415,314,120,433,838
2807,416,313,122,432,839
2808,416,312,120,432,840
2809,419,312,122,429,840
2810,418,311,124,430,841
2811,419,311,123,429,841
2812,419,312,122,428,841
2813,421,312,124,426,841
2814,421,312,125,426,841
2815,422,313,124,424,841
2816,422,312,124,425,841
2817,422,311,124,425,842
2818,424,311,123,423,842
2819,426,311,123,421,842
2820,427,309,123,421,843
2821,429,309,121,419,843
2822,430,309,121,418,843
2823,431,308,121,417,844
2824,432,307,120,417,844
2825,431,308,121,417,844
2826,433,309,121,414,844
2827,433,308,121,415,844
2828,434,307,123,414,845
2829,434,308,125,413,845
2830,433,308,125,414,845
2831,433,308,124,414,845
2832,433,307,123,415,845
2833,432,308,122,415,845
2834,432,307,119,416,845
2835,432,306,119,417,845
2836,431,309,119,415,845
2837,433,308,118,414,845
2838,435,308,117,412,845
2839,436,308,118,411,845
2840,437,308,117,410,845
2841,437,307,117,411,845
2842,437,308,115,410,845
2843,438,307,115,410,845
2844,436,310,114,408,846
2845,434,310,116,410,846
2846,434,311,112,409,846
2847,435,311,114,408,846
2848,434,311,112,409,846
2849,434,309,110,411,846
2850,432,310,111,412,846
2851,431,311,109,412,846
2852,429,312,105,412,847
2853,429,314,104,410,847
2854,428,314,104,411,847
2855,427,314,102,411,848
2856,424,316,102,412,848
2857,426,314,102,412,848
2858,427,317,102,408,848
2859,428,317,102,407,848
2860,429,317,102,406,848
2861,428,316,105,407,849
2862,429,316,105,406,849
2863,428,316,106,406,850
2864,429,315,108,405,851
2865,429,315,109,405,851
2866,428,315,109,406,851
2867,429,315,105,405,851
2868,430,315,105,404,851
2869,430,315,106,403,852
2870,431,314,107,403,852
2871,431,316,107,401,852
2872,433,314,108,398,855
2873,433,312,109,399,856
2874,432,311,111,401,856
2875,432,310,109,402,856
2876,430,312,109,402,856
2877,428,311,109,404,857
2878,427,312,109,404,857
2879,427,311,110,404,858
2880,427,311,112,404,858
2881,427,311,111,404,858
2882,426,311,110,404,859
2883,427,310,114,403,860
2884,430,310,114,400,860
2885,427,313,113,400,860
2886,428,313,113,399,860
2887,430,313,113,397,860
2888,429,314,115,397,860
2889,429,313,113,398,860
2890,433,312,111,395,860
2891,434,309,111,397,860
2892,435,308,111,396,861
2893,436,307,112,396,861
2894,436,305,113,397,862
2895,437,305,115,396,862
2896,438,305,115,395,862
2897,437,306,117,395,862
2898,436,306,116,395,863
2899,437,305,118,395,863
2900,438,306,119,393,863
2901,438,305,120,394,863
2902,437,305,119,395,863
2903,438,305,119,394,863
2904,438,306,119,393,863
2905,439,304,118,392,865
2906,438,305,117,392,865
2907,437,303,115,394,866
2908,436,300,115,398,866
2909,435,297,114,402,866
2910,434,298,114,402,866
2911,433,299,115,402,866
2912,432,299,114,403,866
2913,431,300,114,403,866
2914,430,301,114,403,866
2915,429,302,114,403,866
2916,428,302,114,403,867
2917,427,303,116,403,867
2918,427,304,115,402,867
2919,430,303,116,400,867
2920,427,303,119,402,868
2921,426,304,120,402,868
2922,425,305,121,402,868
2923,425,306,123,401,868
2924,425,307,121,400,868
2925,425,306,120,401,868
2926,427,305,122,400,868
2927,430,304,121,397,869
2928,428,305,119,398,869
2929,428,303,118,399,870
2930,430,303,118,397,870
2931,429,303,119,398,870
2932,428,303,118,399,870
2933,428,304,117,398,870
2934,428,302,118,399,871
2935,428,301,117,399,872
2936,430,301,118,397,872
2937,429,302,117,397,872
2938,429,302,116,397,872
2939,428,303,114,397,872
2940,430,303,114,395,872
2941,432,303,114,393,872
2942,432,302,114,394,872
2943,433,302,113,393,872
2944,433,301,114,394,872
2945,434,300,113,394,872
2946,434,297,115,396,873
2947,433,299,113,395,873
2948,433,300,114,394,873
2949,434,297,116,396,873
2950,433,298,115,396,873
2951,433,297,116,397,873
2952,434,296,117,396,874
2953,434,297,118,395,874
2954,435,297,117,394,874
2955,435,295,119,396,874
2956,435,295,117,396,874
2957,437,294,116,395,874
2958,437,292,116,397,874
2959,437,292,114,396,875
2960,437,293,114,395,875
2961,437,291,113,396,876
2962,438,290,113,396,876
2963,438,290,112,396,876
2964,437,291,109,396,876
2965,438,291,110,395,876
2966,438,292,109,394,876
2967,439,292,109,393,876
2968,438,293,109,393,876
2969,438,293,109,393,876
2970,442,292,109,390,876
2971,441,293,109,390,876
2972,442,292,107,389,877
2973,438,295,108,389,878
2974,439,294,107,388,879
2975,437,294,108,390,879
2976,437,294,106,390,879
2977,438,294,106,389,879
2978,439,294,106,388,879
2979,439,292,106,389,880
2980,438,292,105,390,880
2981,440,290,105,390,880
2982,441,290,105,389,880
2983,440,290,101,390,880
2984,439,291,102,390,880
2985,439,292,102,389,880
2986,439,291,101,390,880
2987,439,289,101,392,880
2988,439,286,98,395,880
2989,442,286,98,392,880
2990,445,284,99,389,882
2991,445,284,100,389,882
2992,445,283,99,390,882
2993,446,285,100,387,882
2994,445,285,99,388,882
2995,445,284,97,389,882
2996,446,284,99,388,882
2997,446,283,97,388,883
2998,447,282,97,388,883
2999,446,283,96,388,883
3000,446,282,96,389,883
3001,448,280,96,389,883
3002,446,281,99,390,883
3003,447,280,102,390,883
3004,446,282,102,389,883
3005,447,278,101,392,883
3006,449,276,102,392,883
3007,449,276,103,392,883
3008,449,275,104,393,883
3009,451,275,104,391,883
3010,450,274,103,391,885
3011,450,275,102,390,885
3012,450,274,101,391,885
3013,450,274,99,391,885
3014,450,270,98,395,885
3015,449,271,100,395,885
3016,449,270,99,396,885
3017,449,270,98,396,885
3018,449,269,98,396,886
3019,449,269,95,396,886
3020,448,269,92,395,888
3021,449,268,92,394,889
3022,450,268,92,393,889
3023,450,269,90,392,889
3024,450,268,91,392,890
3025,449,269,92,392,890
3026,449,269,92,392,890
3027,450,267,91,393,890
3028,450,266,91,393,891
3029,452,265,90,392,891
3030,452,264,90,393,891
3031,453,263,90,393,891
3032,454,260,90,394,892
3033,453,261,90,394,892
3034,452,263,90,393,892
3035,452,262,90,393,893
3036,450,265,88,392,893
3037,450,263,90,393,894
3038,450,263,92,393,894
3039,450,263,92,393,894
3040,450,261,92,395,894
3041,451,261,92,394,894
3042,451,261,92,393,895
3043,452,260,93,393,895
3044,452,257,92,394,897
3045,453,255,93,395,897
3046,453,255,91,395,897
3047,454,255,92,394,897
3048,455,254,91,394,897
3049,454,255,89,394,897
3050,453,256,90,394,897
3051,454,256,89,393,897
3052,453,256,89,393,898
3053,454,256,88,392,898
3054,459,256,91,387,898
3055,459,256,89,387,898
3056,458,257,90,386,899
3057,458,256,90,387,899
3058,458,256,90,387,899
3059,458,257,91,386,899
3060,461,257,90,383,899
3061,461,256,89,384,899
3062,460,257,89,384,899
3063,460,257,92,384,899
3064,460,256,92,385,899
3065,460,255,92,386,899
3066,459,255,92,387,899
3067,460,254,92,387,899
3068,462,252,91,386,900
3069,465,252,91,383,900
3070,465,252,89,383,900
3071,466,251,88,383,900
3072,468,251,88,381,900
3073,468,249,86,383,900
3074,468,250,86,382,900
3075,468,249,87,383,900
3076,469,249,88,382,900
3077,470,249,88,381,900
3078,470,247,87,383,900
3079,470,248,87,382,900
3080,471,246,86,383,900
3081,470,247,85,383,900
3082,470,246,85,384,900
3083,470,243,85,386,901
3084,473,243,85,383,901
3085,474,243,86,382,901
3086,474,243,86,382,901
3087,474,241,86,384,901
3088,474,240,86,385,901
3089,474,240,86,385,901
3090,474,240,87,385,901
3091,474,240,87,385,901
3092,473,241,90,385,901
3093,473,241,88,385,901
3094,471,242,90,385,902
3095,471,242,90,385,902
3096,471,243,88,384,902
3097,472,242,89,384,902
3098,473,241,89,384,902
3099,473,240,90,385,902
3100,474,239,89,384,903
3101,477,238,88,382,903
3102,480,236,85,381,903
3103,481,234,82,382,903
3104,481,235,79,381,903
3105,480,235,80,381,904
3106,480,234,78,381,905
3107,480,233,78,382,905
3108,480,232,78,383,905
3109,480,230,77,383,907
3110,480,231,76,382,907
3111,483,231,75,379,907
3112,482,231,75,380,907
3113,483,231,76,379,907
3114,483,231,76,379,907
3115,483,229,75,380,908
3116,483,228,76,381,908
3117,483,227,75,382,908
3118,483,227,76,382,908
3119,484,227,77,381,908
3120,484,227,79,381,908
3121,483,228,79,381,908
3122,484,228,78,380,908
3123,483,229,80,380,908
3124,483,229,83,379,909
3125,483,229,83,379,909
3126,482,229,82,380,909
3127,482,229,83,380,909
3128,484,228,82,378,910
3129,483,229,83,378,910
3130,483,227,83,379,911
3131,485,227,82,377,911
3132,485,229,84,375,911
3133,485,229,84,375,911
3134,485,229,85,375,911
3135,484,230,85,375,911
3136,484,231,86,374,911
3137,484,230,85,375,911
3138,484,229,84,375,912
3139,484,229,84,375,912
3140,485,230,84,373,912
3141,485,229,86,374,912
3142,484,227,87,376,913
3143,484,227,87,376,913
3144,485,227,87,375,913
3145,486,227,87,374,913
3146,487,227,87,373,913
3147,487,227,88,373,913
3148,485,228,88,374,913
3149,485,228,87,374,913
3150,486,228,87,373,913
3151,487,228,88,372,913
3152,487,229,87,371,913
3153,488,229,87,370,913
3154,489,229,84,369,913
3155,491,229,86,367,913
3156,489,231,86,366,914
3157,491,230,85,365,914
3158,492,230,85,364,914
3159,492,229,87,365,914
3160,492,229,87,365,914
3161,492,229,89,365,914
3162,493,229,89,364,914
3163,493,228,86,365,914
3164,492,228,87,366,914
3165,492,228,86,366,914
3166,492,228,87,366,914
3167,492,228,87,365,915
3168,491,229,88,365,915
3169,494,229,90,362,915
3170,494,229,90,362,915
3171,493,230,90,362,915
3172,496,228,89,361,915
3173,496,228,90,361,915
3174,496,228,90,361,915
3175,496,228,88,361,915
3176,497,225,88,363,915
3177,498,225,87,362,915
3178,498,225,87,362,915
3179,498,224,88,363,915
3180,501,225,88,359,915
3181,501,222,90,361,916
3182,502,222,90,360,916
3183,503,220,90,361,916
3184,503,221,88,359,917
3185,504,222,86,357,917
3186,505,222,87,356,917
3187,505,222,86,356,917
3188,506,220,86,356,918
3189,508,219,86,355,918
